jd_method,time_query
minhash_hybrid,85.742997
exact_matching,137.6510373333333
minhash,9.717914777777777
starmie,554.4788040517676
