jd_method,time_query
exact_matching,237.20875683333333
minhash,23.658310399999994
minhash_hybrid,238.78401511111113
